{
    "Fairness": [
        0.5201342281879194,
        {
            "('Female', 'Asian')": 0.43911439114391143,
            "('Female', 'Black')": 0.7169230769230769,
            "('Female', 'Indian')": 0.9338842975206612,
            "('Female', 'Other')": 0.6102941176470589,
            "('Female', 'White')": 0.7165354330708661,
            "('Male', 'Asian')": 0.8934010152284264,
            "('Male', 'Black')": 0.8448275862068966,
            "('Male', 'Indian')": 0.41946308724832215,
            "('Male', 'Other')": 0.9098360655737705,
            "('Male', 'White')": 0.9395973154362416
        }
    ]
}