{
    "Fairness": [
        0.9549029096848345,
        {
            "('Female', 'Asian')": 0.9630996309963099,
            "('Female', 'Black')": 0.96,
            "('Female', 'Indian')": 0.7851239669421488,
            "('Female', 'Other')": 0.029411764705882353,
            "('Female', 'White')": 0.8409448818897638,
            "('Male', 'Asian')": 0.9390862944162437,
            "('Male', 'Black')": 0.9396551724137931,
            "('Male', 'Indian')": 0.8322147651006712,
            "('Male', 'Other')": 0.00819672131147541,
            "('Male', 'White')": 0.8751677852348994
        }
    ],
    "Fairness without other (race classification)": [
        0.8901457867037688,
        {
            "('female', 'asian')": 0.955719557195572,
            "('female', 'black')": 0.9384615384615385,
            "('female', 'indian')": 0.7768595041322314,
            "('female', 'not white, not black, not asian and not indian')": 0.10294117647058823,
            "('female', 'white')": 0.8094488188976378,
            "('male', 'asian')": 0.934010152284264,
            "('male', 'black')": 0.9396551724137931,
            "('male', 'indian')": 0.8288590604026845,
            "('male', 'not white, not black, not asian and not indian')": 0.06557377049180328,
            "('male', 'white')": 0.8711409395973154
        }
    ]
}