{
    "Fairness": [
        0.9549029096848345,
        {
            "('Female', 'Asian')": 0.9630996309963099,
            "('Female', 'Black')": 0.96,
            "('Female', 'Indian')": 0.7851239669421488,
            "('Female', 'Other')": 0.029411764705882353,
            "('Female', 'White')": 0.8409448818897638,
            "('Male', 'Asian')": 0.9390862944162437,
            "('Male', 'Black')": 0.9396551724137931,
            "('Male', 'Indian')": 0.8322147651006712,
            "('Male', 'Other')": 0.00819672131147541,
            "('Male', 'White')": 0.8751677852348994
        }
    ]
}