{
    "gender: __attr__": {
        "Male": {
            "precision": 0.8266666666666667,
            "recall": 0.9789473684210527,
            "f1": 0.8963855421686748
        },
        "Female": {
            "precision": 0.7853926963481741,
            "recall": 0.9757613424487259,
            "f1": 0.8702882483370289
        },
        "macro-precision": 0.8060296815074204,
        "macro-recall": 0.9773543554348894,
        "macro-f1": 0.8833368952528519,
        "micro-accuracy": 0.7649894546550166,
        "macro-accuracy": 0.7654874445280386
    },

    "This is a person of gender __attr__": {
        "Male": {
            "precision": 0.897887323943662,
            "recall": 0.8947368421052632,
            "f1": 0.8963093145869947
        },
        "Female": {
            "precision": 0.6379173290937997,
            "recall": 0.997513983840895,
            "f1": 0.7781818181818182
        },
        "macro-precision": 0.7679023265187308,
        "macro-recall": 0.9461254129730791,
        "macro-f1": 0.8372455663844065,
        "micro-accuracy": 0.673094305513709,
        "macro-accuracy": 0.6795548795336176
    },

    "This is a person of __attr__ gender": {
        "Male": {
            "precision": 0.7403896787783044,
            "recall": 0.8222222222222222,
            "f1": 0.7791632031033527
        },
        "Female": {
            "precision": 0.5409168081494058,
            "recall": 0.9900559353635798,
            "f1": 0.699604743083004
        },
        "macro-precision": 0.6406532434638551,
        "macro-recall": 0.906139078792901,
        "macro-f1": 0.7393839730931784,
        "micro-accuracy": 0.44410967158782766,
        "macro-accuracy": 0.4514776167682517
    }
    
}

