{
    "race: __attr__": {
        "White": {
            "precision": 0.7393939393939394,
            "recall": 0.3536231884057971,
            "f1": 0.4784313725490196
        },
        "Black": {
            "precision": 0.6413301662707839,
            "recall": 0.4011887072808321,
            "f1": 0.4936014625228519
        },
        "Asian": {
            "precision": 0.27174565086982605,
            "recall": 0.967948717948718,
            "f1": 0.4243559718969555
        },
        "Indian": {
            "precision": 0.3767790262172285,
            "recall": 0.9314814814814815,
            "f1": 0.5365333333333333
        },
        "Other": {
            "precision": 0.014613778705636743,
            "recall": 0.027131782945736434,
            "f1": 0.018995929443690635
        },
        "macro-precision": 0.4087725122914829,
        "macro-recall": 0.536274775612513,
        "macro-f1": 0.3903836139491702,
        "micro-accuracy": 0.36034950286230794,
        "macro-accuracy": 0.4191060539541677
    },

    "This is a person of race __attr__": {
        "White": {
            "precision": 0.8332160450387052,
            "recall": 0.8579710144927536,
            "f1": 0.8454123527311675
        },
        "Black": {
            "precision": 0.5967894239848914,
            "recall": 0.9390787518573551,
            "f1": 0.7297921478060045
        },
        "Asian": {
            "precision": 0.5336481700118064,
            "recall": 0.9658119658119658,
            "f1": 0.6874524714828898
        },
        "Indian": {
            "precision": 0.7488151658767772,
            "recall": 0.8777777777777778,
            "f1": 0.8081841432225063
        },
        "Other": {
            "precision": 0.14349775784753363,
            "recall": 0.12403100775193798,
            "f1": 0.13305613305613306
        },
        "macro-precision": 0.5711933125519427,
        "macro-recall": 0.7529341035383581,
        "macro-f1": 0.6407794496597402,
        "micro-accuracy": 0.6742994877975294,
        "macro-accuracy": 0.6269498971783988
    },
    "This is a person of __attr__ race": {
        "White": {
            "precision": 0.8964474678760394,
            "recall": 0.8594202898550725,
            "f1": 0.877543470218276
        },
        "Black": {
            "precision": 0.6041275797373359,
            "recall": 0.9569093610698366,
            "f1": 0.7406555491661876
        },
        "Asian": {
            "precision": 0.6442857142857142,
            "recall": 0.9636752136752137,
            "f1": 0.7722602739726027
        },
        "Indian": {
            "precision": 0.771004942339374,
            "recall": 0.8666666666666667,
            "f1": 0.8160418482999128
        },
        "Other": {
            "precision": 0.22764227642276422,
            "recall": 0.10852713178294573,
            "f1": 0.14698162729658792
        },
        "macro-precision": 0.6287015961322455,
        "macro-recall": 0.751039732609947,
        "macro-f1": 0.6706965537907134,
        "micro-accuracy": 0.7387767399819223,
        "macro-accuracy": 0.6711602226884147
    }
}